﻿<?xml version="1.0"?>
<doc>
<assembly>
<name>
testBillAPI
</name>
</assembly>
<members>
<member name="M:testBillAPI.Application.InitializeComponent">
	<summary>
InitializeComponent
</summary>
</member><member name="M:testBillAPI.Application.Main">
	<summary>
Application Entry Point.
</summary>
</member><member name="T:testBillAPI.Application">
	<summary>
Application
</summary>
</member><member name="M:testBillAPI.MainWindow.InitializeComponent">
	<summary>
InitializeComponent
</summary>
</member><member name="T:testBillAPI.MainWindow">
	<summary>
MainWindow
</summary>
</member><member name="M:testBillAPI.localhost.BillingAPI.#ctor">
	<remarks/>
</member><member name="E:testBillAPI.localhost.BillingAPI.ExecuteCompleted">
	<remarks/>
</member><member name="M:testBillAPI.localhost.BillingAPI.Execute(System.String)">
	<remarks/>
</member><member name="M:testBillAPI.localhost.BillingAPI.ExecuteAsync(System.String)">
	<remarks/>
</member><member name="M:testBillAPI.localhost.BillingAPI.ExecuteAsync(System.String,System.Object)">
	<remarks/>
</member><member name="M:testBillAPI.localhost.BillingAPI.CancelAsync(System.Object)">
	<remarks/>
</member><member name="T:testBillAPI.localhost.BillingAPI">
	<remarks/>
</member><member name="T:testBillAPI.localhost.ExecuteCompletedEventHandler">
	<remarks/>
</member><member name="P:testBillAPI.localhost.ExecuteCompletedEventArgs.Result">
	<remarks/>
</member><member name="T:testBillAPI.localhost.ExecuteCompletedEventArgs">
	<remarks/>
</member><member name="P:testBillAPI.My.Resources.Resources.ResourceManager">
	<summary>
  Returns the cached ResourceManager instance used by this class.
</summary>
</member><member name="P:testBillAPI.My.Resources.Resources.Culture">
	<summary>
  Overrides the current thread's CurrentUICulture property for all
  resource lookups using this strongly typed resource class.
</summary>
</member><member name="T:testBillAPI.My.Resources.Resources">
	<summary>
  A strongly-typed resource class, for looking up localized strings, etc.
</summary>
</member><member name="P:testBillAPI.My.MyWpfExtension.Application">
	<summary>
 傳回執行中應用程式的應用程式物件
 </summary>
</member><member name="P:testBillAPI.My.MyWpfExtension.Computer">
	<summary>
 傳回主機電腦的相關資訊。
 </summary>
</member><member name="P:testBillAPI.My.MyWpfExtension.User">
	<summary>
 傳回目前使用者的資訊。如果您希望用目前的 Windows 使用者認證執行此應用程式，
 請呼叫 My.User.InitializeWithWindowsUser()。
 </summary>
</member><member name="P:testBillAPI.My.MyWpfExtension.Log">
	<summary>
 傳回應用程式記錄檔。接聽程式可以使用應用程式的組態檔來設定。
 </summary>
</member><member name="P:testBillAPI.My.MyWpfExtension.Windows">
	<summary>
 傳回此專案中定義的 Windows 集合。
 </summary>
</member><member name="T:testBillAPI.My.MyWpfExtension">
	<summary>
 用來定義 WPF 的 My 命名空間中可用屬性的模組
 </summary>
	<remarks></remarks>
</member>
</members>
</doc>